[
    {
        "municipio": "Escuque",
        "parroquias": [
            {
                "nombre": "El Alto",
                "comunidades": [
                    "prueba"
                ]
            },
            {
                "nombre": "Escuque",
                "comunidades": []
            },
            {
                "nombre": "Juan Díaz",
                "comunidades": []
            },
            {
                "nombre": "La Union",
                "comunidades": []
            },
            {
                "nombre": "Sabana Libre",
                "comunidades": [
                    "betijoque"
                ]
            },
            {
                "nombre": "Santa Rita ",
                "comunidades": []
            }
        ]
    },
    {
        "municipio": "Rafael Rangel",
        "parroquias": [
            {
                "nombre": "Betijoque",
                "comunidades": []
            },
            {
                "nombre": "Jose Gregorio Hernandez",
                "comunidades": []
            }
        ]
    },
    {
        "municipio": "San Fernando",
        "parroquias": [
            {
                "nombre": "San Fernando",
                "comunidades": []
            }
        ]
    }
]