{
    "municipios": [
        {
            "id_municipio": "1",
            "nombre_municipio": "Escuque"
        },
        {
            "id_municipio": "2",
            "nombre_municipio": "Rafael Rangel"
        }
    ],
    "parroquias": [
        {
            "id_parroquia": "1",
            "nombre_parroquia": "Escuque",
            "id_municipio": "1"
        },
        {
            "id_parroquia": "2",
            "nombre_parroquia": "Sabana Libre",
            "id_municipio": "1"
        },
        {
            "id_parroquia": "3",
            "nombre_parroquia": "Jose Gregorio Hernandez",
            "id_municipio": "2"
        },
        {
            "id_parroquia": "4",
            "nombre_parroquia": "La Union",
            "id_municipio": "1"
        },
        {
            "id_parroquia": "5",
            "nombre_parroquia": "Santa Rita ",
            "id_municipio": "1"
        },
        {
            "id_parroquia": "6",
            "nombre_parroquia": "Betijoque",
            "id_municipio": "2"
        },
        {
            "id_parroquia": "7",
            "nombre_parroquia": "El Alto",
            "id_municipio": "1"
        },
        {
            "id_parroquia": "8",
            "nombre_parroquia": "Juan Díaz",
            "id_municipio": "1"
        }
    ]
}